email	last_name	first_name
john-doe@bogusemail.com	Doe	John
maryjacobs@bogusemail.com	Smith-Robinson	Mary
davesmith@bogusemail.com	Smith	Dave
janestuart@bogusemail.com	Stuart	Jane
tomwright@bogusemail.com	Wright	Tom
steverobinson@bogusemail.com	Robinson	Steve
nicolejacobs@bogusemail.com	Jacobs	Nicole
janewright@bogusemail.com	Wright	Jane
janedoe@bogusemail.com	Doe	Jane
kurtwright@bogusemail.com	Wright	Kurt
kurtrobinson@bogusemail.com	Robinson	Kurt
janejenkins@bogusemail.com	Jenkins	Jane
neilrobinson@bogusemail.com	Robinson	Neil
tompatterson@bogusemail.com	Patterson	Tom
samjenkins@bogusemail.com	Jenkins	Sam
stevestuart@bogusemail.com	Stuart	Steve
maggiepatterson@bogusemail.com	Patterson	Maggie
maggiestuart@bogusemail.com	Stuart	Maggie
janedoe@bogusemail.com	Doe	Jane
stevepatterson@bogusemail.com	Patterson	Steve
davesmith@bogusemail.com	Smith	Dave
samwilks@bogusemail.com	Wilks	Sam
kurtjefferson@bogusemail.com	Jefferson	Kurt
samstuart@bogusemail.com	Stuart	Sam
janestuart@bogusemail.com	Stuart	Jane
davedavis@bogusemail.com	Davis	Dave
sampatterson@bogusemail.com	Patterson	Sam
tomjefferson@bogusemail.com	Jefferson	Tom
janestuart@bogusemail.com	Stuart	Jane
maggiejefferson@bogusemail.com	Jefferson	Maggie
marywilks@bogusemail.com	Wilks	Mary
neilpatterson@bogusemail.com	Patterson	Neil
coreydavis@bogusemail.com	Davis	Corey
stevejacobs@bogusemail.com	Jacobs	Steve
janejenkins@bogusemail.com	Jenkins	Jane
johnjacobs@bogusemail.com	Jacobs	John
neilsmith@bogusemail.com	Smith	Neil
coreywilks@bogusemail.com	Wilks	Corey
coreysmith@bogusemail.com	Smith	Corey
marypatterson@bogusemail.com	Patterson	Mary
janestuart@bogusemail.com	Stuart	Jane
travisarnold@bogusemail.com	Arnold	Travis
johnrobinson@bogusemail.com	Robinson	John
travisarnold@bogusemail.com	Arnold	Travis
